Node,1995,1996,1997,1998,1999,2000,2001,2002,2003,2004,2005,2006,2007,2008,2009,2010,2011,2012,2013,2014,2015,2016,2017,2018,2019,2020,2021,2022,2023
United States,0.353448690541109,0.352170202255212,0.351405862039509,0.350442065549587,0.348166174068986,0.345858478643523,0.346982926625774,0.346885972180004,0.346912378608259,0.345279626363516,0.344811086652076,0.345047835977245,0.343666204592824,0.344401011912754,0.347863193571666,0.345505724945943,0.344690736399004,0.34274496079816,0.342650142728417,0.343372239667379,0.343414592050164,0.342641945218023,0.34235699713117,0.341120844291368,0.339402007089715,0.341459572438597,0.342451674242404,0.34032718066527,0.340343358864512
China,0.477938373167063,0.466709446266535,0.455982964337237,0.446993661435661,0.442168977970654,0.440424931838836,0.439682078254392,0.43734090224815,0.435499078935581,0.432691153312878,0.428023122174046,0.423163080487784,0.420695643177083,0.420011536991409,0.417737736218535,0.411837212873525,0.408253223520607,0.406735671575342,0.403748495784368,0.402295168478725,0.402410756536387,0.400931883264138,0.398975183238136,0.397212796778162,0.398597566674921,0.400593449299896,0.399230197017694,0.398924139778291,0.398386047164121
India,0.617328566200101,0.617552783185214,0.618377958171256,0.623152169782001,0.61690117861986,0.611806381856273,0.615308824292302,0.616932210313422,0.617679788245983,0.616254465566514,0.615188857786881,0.615097206440847,0.6116286649358,0.605131586632464,0.603754344527143,0.597520582826373,0.592113519680716,0.588075948192566,0.583106391585514,0.579756874936018,0.621227751151324,0.609343555629545,0.593951327935646,0.592505044187372,0.596168542490537,0.603555253495071,0.601550859542652,0.599708355514177,0.598856049446663
Brazil,0.425057631470568,0.423917142836212,0.417611297521719,0.417418201391124,0.410939049584885,0.405700965654609,0.402237249185815,0.403916008617787,0.403698576725661,0.396768075819468,0.39368081055787,0.392983035454034,0.392348599718208,0.392182539504461,0.393990572791861,0.392691793894286,0.392843434302918,0.393089555612464,0.393866226580766,0.394268875241514,0.394498091637263,0.400880194703877,0.398348732478144,0.395461790486649,0.395937610667649,0.397121448434567,0.394351875619921,0.392509928096113,0.393318390283628
Russia,0.345151248470123,0.336895766609815,0.342923091223176,0.357733863306402,0.347958590871961,0.354328332265331,0.350109502833324,0.352484880866401,0.337777218368236,0.327367177371799,0.331533022963925,0.32671730280135,0.322032359587668,0.320619431874979,0.331303110570519,0.326285205655859,0.321334512322645,0.321269322753643,0.323590533904551,0.323989270938645,0.324928624610841,0.319293233153646,0.316894269986493,0.318831034074555,0.318086530185006,0.31880005500306,0.315206990279377,0.314862121814366,0.314493902880368
Ukraine,0.404303611735752,0.408239732815466,0.400465615600848,0.406639960125923,0.409604447886133,0.407945543254946,0.409006478404641,0.408314718655094,0.417572023175241,0.409276571383132,0.409371514743778,0.40682028867597,0.404461460782556,0.402288202875444,0.414604395157998,0.405007179612059,0.396161172878948,0.396639728801425,0.402147585633492,0.405149641563852,0.403192793789364,0.407611586374619,0.407064649346339,0.410245501157255,0.411859977404858,0.418579787169339,0.414497115201341,0.415639559267354,0.4156880564083
Argentina,0.394644805136415,0.392891048655591,0.391755494272837,0.388520396398977,0.386283807709156,0.384350850113327,0.384080051703749,0.3789699498745,0.375579073078411,0.370119679125244,0.366650076141127,0.365662341280869,0.367549715957863,0.369516105561074,0.367155946807402,0.362961823047851,0.362104422788151,0.362122195404303,0.361329909878555,0.361476176535153,0.361844833106355,0.36426873012051,0.365537246716753,0.372547241694628,0.371313884867806,0.377227181830612,0.373699856382807,0.36911501475273,0.381714850702403
Australia,0.378428555351298,0.377557661194177,0.37794707234078,0.376894719796051,0.379193152492901,0.379213755474257,0.381101943241741,0.382340904638538,0.380806511941394,0.379627379926429,0.380080624830457,0.378585052558831,0.379680967519341,0.375988315803127,0.380742455406216,0.377958422045187,0.378356426513025,0.377636640648873,0.379841487370799,0.380198578420029,0.380404946731842,0.378139786003752,0.377567856301634,0.377641923435432,0.378933780800409,0.379963823409731,0.376943753887195,0.375924350481505,0.37562070648912
Canada,0.246995543327847,0.246205700186253,0.244213315120543,0.243066238482971,0.241123758633983,0.240722544870152,0.24229143322452,0.243554666333195,0.243480190143712,0.242137291913721,0.241438892260373,0.241479814552394,0.240518727599242,0.23918237049586,0.242538180841455,0.238874356197327,0.238020756538047,0.237980268415382,0.238489720556802,0.239116380546179,0.240295399733871,0.240994565615507,0.240187326165309,0.239354923713296,0.239930836383757,0.242939589172403,0.240976297793768,0.240011457893505,0.239960641840036
France,0.303631336003153,0.296997475070257,0.291178127292809,0.290764555045387,0.286518724178393,0.289140550482727,0.288118822873036,0.295550484078514,0.29843109110472,0.295886828906668,0.293309665068194,0.294452851739958,0.292411383178047,0.29212812696007,0.300157062508927,0.298219683422359,0.296506812112524,0.295517887257849,0.295631951884202,0.29326131661119,0.296845440854282,0.295071016136796,0.294205456285433,0.286445065650327,0.297245617538329,0.296961750234782,0.292565116925452,0.290552152082362,0.292651683846477
Indonesia,0.578394539809697,0.581625029838852,0.558057873192562,0.544306214443083,0.539930342382724,0.506257874762538,0.503135887844658,0.524776194938938,0.543398222576981,0.557771091319095,0.551890746360193,0.553245056388283,0.557051622520304,0.547439848611373,0.541859825120195,0.530614765050228,0.53476717407479,0.533134728907401,0.53608853646554,0.532822756042376,0.528575458477791,0.527645504607786,0.520649589584529,0.513214065198556,0.500039013003943,0.499060210270469,0.489919872648259,0.490048741891563,0.497413635161784
Vietnam,0.553171821054935,0.543906001688428,0.543483007108117,0.55585555449744,0.553121644935059,0.516846013028156,0.526921189296308,0.531174433634271,0.540583242330427,0.538426395085568,0.531556808921428,0.520339197762878,0.517311779748935,0.510130260935501,0.493230833036766,0.474168059604282,0.481539965751619,0.474455684224464,0.467854838756657,0.455372029345703,0.458937153043656,0.456173571530267,0.464375725387639,0.430548110496598,0.426836012481258,0.44874731814309,0.421933090376909,0.420087455727735,0.418804976123471
Thailand,0.509058895796749,0.507171197111338,0.505782240571185,0.505092528773949,0.497617993090942,0.490819207553803,0.480397629934281,0.466804043412255,0.459537881787896,0.449838158247948,0.45286803191963,0.449985585682771,0.441924439627009,0.444059324104998,0.444821509431402,0.442913567169539,0.437527407509719,0.445381419706993,0.462910723675379,0.455763934401146,0.452725364640569,0.448996056270201,0.450474831075474,0.453176375710678,0.461079148054435,0.46509559312365,0.463377993106901,0.46103028895611,0.461145347293235
Egypt,0.530563509398567,0.538755538222224,0.537427592668845,0.516019325248239,0.520688653795178,0.522917126119039,0.522418983170401,0.525865317791651,0.515723881892817,0.509371711142428,0.498953672160186,0.492745917524964,0.50284844298111,0.501798451942599,0.505528929263937,0.505355108843774,0.516478567202182,0.513252640204076,0.50294218283555,0.51846709747163,0.515693202861423,0.504864934094915,0.505940849072641,0.488493234146074,0.486561890419206,0.488703815181917,0.480069730641617,0.484357223355756,0.482614913470668
Nigeria,0.662308620084422,0.660989235551412,0.661760411209629,0.663720789722697,0.683048270228747,0.66370814905158,0.666916535815134,0.659227128346197,0.64626410235107,0.645767791931431,0.64513892770634,0.64495762541449,0.649365674675832,0.618439510685519,0.621866063376284,0.613558923719145,0.666682530586541,0.63776683490565,0.617789026492218,0.608798515651648,0.602918205647376,0.61447786011854,0.608525763207134,0.578783283846226,0.573556147431608,0.583758258118131,0.616224853308154,0.608746627193936,0.605411729692042
Bangladesh,0.655427068802104,0.656566215305346,0.691186513559251,0.64701834280789,0.638609048239342,0.630651754989594,0.633436655548622,0.621937023700611,0.632639323379818,0.63498435312078,0.627364958726646,0.614472644156992,0.66589813550715,0.649070262587093,0.64439212488695,0.637017551332048,0.636537478129486,0.590626381499017,0.584243310309137,0.614976982251254,0.58520777505741,0.579315316799562,0.573573279721015,0.568434723549599,0.57683856319748,0.577442809690573,0.578127655343082,0.578819685755279,0.577450989034763
Pakistan,0.62641180454409,0.618391408649515,0.628001313145742,0.631727435943432,0.620141480813135,0.61161736552528,0.606858917098898,0.605882690927777,0.604194591820223,0.599676869090344,0.600465906193979,0.599888358813065,0.596319882109393,0.604392659744819,0.603210001994053,0.607977541264094,0.605363727971632,0.587448174503494,0.569699845692039,0.568749337309797,0.564611965348153,0.560810987207309,0.553950171031196,0.544020941077456,0.545392224219089,0.556459900596803,0.550097013088305,0.55049102281731,0.557743093993591
Germany,0.220538082230285,0.219255308289497,0.218077656675926,0.21497781155611,0.215056726165776,0.206752895530918,0.209907072012576,0.210041455093389,0.207588152771471,0.205361320251245,0.204720867496297,0.201079276483167,0.198346783848332,0.197868925870521,0.202179783849863,0.198373604539015,0.194860566984228,0.194436654647284,0.197069750419637,0.195271877826688,0.195190582129137,0.196067341917866,0.194518100466178,0.195300538174279,0.195155105690024,0.195144862328956,0.192347374722233,0.19150137047111,0.193835811314848
Japan,0.269578936239553,0.269088229735927,0.267979630928835,0.272756977441528,0.269761550466688,0.261825541601936,0.260109440560019,0.259397689610208,0.251247695153803,0.249573897238794,0.244154135165623,0.241087615302473,0.235540574129117,0.247810149229629,0.252910619532099,0.240491580911287,0.242531120367224,0.240139875144851,0.243672117597645,0.2392905391471,0.24780577702295,0.246333992551933,0.244383405889715,0.244412025444362,0.246651102100815,0.24862554057502,0.245330101684697,0.243230548277703,0.245226770776503
United Kingdom,0.208224127011317,0.207014854260642,0.207192490875409,0.206024375757385,0.20241465371668,0.201982116544724,0.201424848513264,0.205993223516879,0.206116440801383,0.205708050574547,0.205095267045689,0.216855973664813,0.216900559615051,0.218903433259361,0.221736869637502,0.2263804637097,0.22586222046799,0.223724044554685,0.225530205907585,0.223637811268598,0.221640085642577,0.21800648567247,0.218904121963923,0.21740194482432,0.215358611368526,0.222812743533041,0.220855550963495,0.216702313280688,0.218627764903495
Saudi Arabia,0.491460464133953,0.493540378809669,0.487966073879345,0.485010996966619,0.488561469778926,0.491300725789793,0.483432730474795,0.485097259097461,0.485262886670811,0.481835072329341,0.473952007752817,0.464609330223691,0.458448534255987,0.455913408528124,0.45191008609454,0.448810040978846,0.44168316483986,0.432720471059445,0.428477214748799,0.422240261272973,0.414841480649864,0.413759915188167,0.422157204315846,0.41540070736335,0.41515035954318,0.416863496024052,0.413338165400794,0.414138662027144,0.408029499732453
West Africa (ECOWAS),0.6864182324549244,0.6867332173035414,0.682604922679395,0.6844990786880847,0.6798774135185075,0.6709197070527979,0.6727415852060863,0.6689435106528889,0.6636745215660559,0.6556998094058583,0.6540290316631462,0.6489808788668806,0.6436449787073582,0.6381826796501858,0.6345168266419604,0.6326300375102384,0.6314882864105444,0.6335462273404444,0.6314929496251284,0.6307970297986747,0.6315427827473926,0.6327693783129349,0.6351504404261811,0.6266071040637453,0.6216526074179912,0.6203576602497876,0.6230979920656027,0.6156457118596812,0.6123933655116993
East Africa,0.6800563604743821,0.6753809519239415,0.674913730630581,0.6748228480486306,0.6679853128927586,0.6692101546437293,0.6616100272596267,0.6557209091414986,0.6615969898031151,0.6549361439622189,0.6492120648781592,0.6500508637747024,0.6458485704304453,0.644294651916202,0.6441919541559951,0.6454507071405856,0.6481402487380767,0.6484868091372274,0.6420941076447586,0.6413015789696537,0.6396748496373267,0.6459183815442086,0.6432249182363523,0.6395839542189636,0.6353410418501254,0.6377260957487516,0.6411869888103774,0.6372566050266488,0.6345200066687112
Southern Africa (SADC),0.5880922770998389,0.588415224585507,0.5851074559232256,0.5830223757442781,0.5787918145024062,0.5735998318871938,0.5737686635179354,0.5746573743061247,0.5736989753726975,0.572048419303513,0.5682827969336673,0.5664426825252554,0.5623005489899792,0.5601126184712654,0.5578307058945795,0.5560480700113855,0.5529284820841147,0.5502554338285817,0.5457090984194272,0.5450903811099833,0.5425661393167072,0.5463646033215539,0.5424027559923934,0.5387401871589323,0.5400635334104625,0.5462468562380536,0.5402154444891372,0.5362506059762602,0.5359964975133572
Central Africa,0.632853230333908,0.6291954891506899,0.6321570902102467,0.6323007704655907,0.6350683283565257,0.6372413315401532,0.6331308242985241,0.6264761997905943,0.6232118786118287,0.620069696731598,0.6165519507029396,0.6071494401327184,0.6114756185348608,0.6121548592206576,0.6147015841895346,0.6020827880592018,0.6038001822740181,0.5959630765328349,0.5979669633996203,0.5887898725301415,0.582739778446664,0.5841255963115691,0.5887174477977941,0.5861708060236204,0.5859733655000723,0.5860329394314767,0.5884753366500792,0.5776091887777025,0.5762055790892192
MENA-other,0.46962778923276344,0.46927653675857495,0.4648942787744076,0.46047965599250784,0.4578749341382967,0.4533164438297603,0.45364768454266424,0.45371992224910335,0.44883759362210135,0.4467688519593015,0.44357767120015734,0.43965181583227203,0.4389011647269706,0.4379610695029626,0.4373807531101805,0.43755738939545974,0.43895593807414307,0.4411269816993095,0.44137739026029377,0.4436653248369533,0.44529172549184565,0.4433385920255727,0.4403934136070878,0.43816255675253657,0.43510891304966454,0.4378429748249945,0.4371062550259989,0.44057879282385953,0.4401754366851076
Central Asia,0.4766455266478163,0.47831209242262124,0.4758983599456172,0.4637557426755989,0.4669318139940429,0.45639896853617584,0.4679289298683232,0.4521236549343243,0.4490711727217033,0.4499054321506515,0.45061260605240766,0.4462344399568227,0.4441454352314855,0.44143577831194897,0.4403263160537973,0.44045928403609896,0.44309917075395516,0.4387675380771619,0.4372382518270843,0.4337901889752025,0.4343351712211086,0.4333849694364065,0.4408780220222215,0.43349591758071965,0.42949912750640634,0.43635417079019584,0.434720269404192,0.4345067867884918,0.4306519334098044
South Asia-other,0.5830518012270725,0.5949501490595843,0.5830894418519927,0.5754497153171225,0.5750685336216885,0.5734210533307671,0.5733785854514887,0.5768549080650844,0.5789393772002986,0.5717689104919472,0.5606037814330178,0.5591957218390474,0.5559953759575194,0.5528011612976176,0.5528595316367227,0.5548371399856256,0.5527035744730506,0.5565098430578196,0.5565252668728654,0.5481477970901982,0.5481300754844134,0.5454569656843382,0.5403105226912613,0.5350950777929764,0.5345126940901548,0.5307800964702714,0.5339400785813919,0.53093603699082,0.5306425841552298
Southeast Asia-other,0.5423116637873389,0.5419591010595217,0.5408072265362932,0.5430509004816255,0.5448991811545055,0.546555066164285,0.5456007099319973,0.5418338775670958,0.5368376664754819,0.5343489052038248,0.5278925987013329,0.5310058041783081,0.5266258152951009,0.5300973024358235,0.5267828307708354,0.5192047569357711,0.5154920216170749,0.5099138594839583,0.5072281298824148,0.5110290835767087,0.5127092978874919,0.5198974505372423,0.5159532196842936,0.5111080736696072,0.5113337939491523,0.5124570504845194,0.5086200425173037,0.5078515634981748,0.5089387417243223
Pacific/Oceania-other,0.5408427343830653,0.5409151945087026,0.5408514063779813,0.541557081092258,0.5402060660491041,0.5391227224151172,0.538635456119458,0.5395051523388338,0.5328803306887426,0.5287383685157558,0.5282413538020971,0.5272742094745847,0.5306131841662153,0.5342646316202823,0.5462128945909493,0.5442640160641625,0.5428531246675323,0.542911178156627,0.5416767773072991,0.5443816245861731,0.5433519738075987,0.543828359405184,0.5418857816477665,0.5408070057139086,0.5392202497372193,0.5441950418482909,0.5455560755290637,0.543340055555599,0.5430948949246489
Caribbean & Central America,0.45450929783710675,0.4542640544736358,0.44821288647446483,0.44722018727087637,0.4462878656824589,0.44172630399996193,0.4434612893311034,0.44373040435722066,0.44529533876924887,0.44164038739926215,0.4378609847613284,0.4323839755971991,0.4331590495757327,0.4336182959635148,0.43773271021235,0.4322527439411355,0.4301544755851111,0.42450798801125267,0.42376193511344684,0.42592443552180176,0.4283987373839129,0.42855590905011653,0.4255339781595417,0.42410160197678504,0.4314391549209358,0.43733719273268035,0.4345972131655719,0.43581454110009016,0.43499349268520926
Andean & Southern Cone-other,0.45264891770790927,0.4537176156964182,0.44693329821690325,0.4482200958643995,0.44571072926423827,0.4466606259173527,0.44323758398972274,0.44817890461460697,0.4350981589896798,0.43106142386561974,0.4271215737022902,0.42572467026378547,0.424213228721573,0.4208275120368128,0.42733389556590523,0.41997286586680377,0.4193179510262052,0.4221289097682165,0.42585975934586195,0.4156444081344843,0.4196401007057168,0.41722189502874696,0.4164904964565697,0.4167800718404585,0.4162289701342743,0.4217499596049805,0.428695423354224,0.42584703833368825,0.42821917754119354
Eastern Europe-other,0.3759813175797076,0.3777346768791249,0.37727273209212875,0.3738057055941803,0.372475441185001,0.3704143340131892,0.3707549416029741,0.37003830262813103,0.3685324147551531,0.3658822514624355,0.3647229945013324,0.3634781233195686,0.3624494190190746,0.36354835741179986,0.3690583977855866,0.36566823866474074,0.3634660904981019,0.36362200756569507,0.3632401919421366,0.3604270473078935,0.3611367295370429,0.35956176419163294,0.3583345496270271,0.3561451034236365,0.3564838478009943,0.3581576115920312,0.3545180335769392,0.3537240597494274,0.3570349301416326
EU-other,0.2445734020803718,0.24746275328502035,0.24591510402747446,0.2392033246389207,0.2416478441929105,0.23686885369834726,0.23952702035705967,0.23573405757281352,0.23614449644739624,0.2324295847774868,0.23341130031583843,0.23178786151066427,0.23282075047055323,0.2388975495421355,0.24520292790694118,0.24092074387355789,0.23656918909016084,0.23589138057088552,0.24005726225624233,0.23711266905742293,0.23729935439754804,0.23637372051813813,0.2370597050427521,0.2382240806516616,0.23843926284152786,0.2368654489439567,0.2340970253199364,0.24042653123312138,0.24293902576161816
Nordics,0.27307118188643253,0.27193359709674647,0.269694652352787,0.26810115834069204,0.2690417692958105,0.2678486299708795,0.2687926756119575,0.270323027156813,0.268579774620353,0.2661645248746095,0.263150692286116,0.26011628405134046,0.2610240826307595,0.26289410734159,0.269604362336258,0.26709457263889247,0.2663597238998005,0.26662628819795153,0.267120187350133,0.266578094797169,0.2684205792643315,0.267037068668983,0.264309308783906,0.264307997010915,0.266817372929379,0.27094687032968545,0.267069485253344,0.2633805572045515,0.266504723734202
