Node,Type,P_i,b_i,d_i,L_i,W_i,E_fuel_i,E_elec_i,K_i,T_i,A_i,theta_animal_i,theta_perish_i,theta_imperish_i,D_i_Mt,F_imperish_i,F_a_i,F_perish_i,R_i,mu_i,sigma_safe_i,epsilon_i,psi_i,rho_i,clim_vuln_i,undernourishment_baseline_pct,epsilon_ef
United States,hub_country,343477330.0,0.014125,0.008285,421.5405,0.8123,21273.86,5945.62,24977.1178,0.927,0.2363,0.2794,0.058,0.6626,145.5511,95.634,47.8171,0.1619,9.5634,1.3988,1.8483,0.142,0.0168,0.3333,0.3403,2.5,0.48
China,hub_country,1422584930.0,0.006068,0.008428,520.4129,0.7232,38702.49,14406.75,32004.8848,0.2836,0.3517,0.194,0.13,0.676,538.6235,455.155,227.5776,1.3429,45.5155,1.3556,1.7834,0.0712,0.01725,1.0,0.3989,2.5,0.39
India,hub_country,1438069597.0,0.017975,0.009125,178.5709,0.5567,9750.19,2088.34,13376.5725,0.1163,0.5977,0.1401,0.0634,0.7965,411.9657,85.623,42.8116,0.5009,8.5623,1.32,1.73,0.0528,0.01965,0.6667,0.5997,12.0,0.31
Brazil,hub_country,211140731.0,0.012772,0.008662,236.7589,0.99,1931.07,3429.63,4028.5255,0.2385,0.7801,0.2679,0.0498,0.6823,77.5979,62.245,31.1225,0.0741,6.2245,1.3653,1.798,0.0662,0.0174,0.3333,0.3925,2.5,0.35
Russia,hub_country,145440502.0,0.005751,0.008981,215.7009,0.9725,7709.94,1554.77,5835.482,0.4986,0.4516,0.274,0.0479,0.6781,55.0906,15.629,7.8145,0.0506,1.5629,1.3367,1.755,0.0948,0.01785,0.6667,0.3149,2.5,0.41
Ukraine,hub_country,37732833.0,-0.006512,0.008948,41.311,0.958,408.14,96.52,561.2297,0.199,2.9496,0.2215,0.0657,0.7128,11.2845,7.128,3.564,0.0142,0.7128,1.19,1.5349,0.0619,0.018,0.6667,0.4156,6.9,0.38
Argentina,hub_country,45538402.0,0.011979,0.008489,116.1364,0.9303,840.61,349.15,1240.0287,0.3404,1.2957,0.3099,0.0433,0.6468,16.4281,40.792,20.396,0.0136,4.0792,1.3933,1.8399,0.0774,0.018,0.3333,0.3691,3.4,0.37
Australia,hub_country,26451126.0,0.017679,0.007829,363.2437,0.9689,1419.98,576.94,1617.8563,0.7586,0.7629,0.2783,0.0521,0.6696,10.1145,8.763,4.3815,0.0101,0.8763,1.3038,1.7057,0.1234,0.01665,0.0,0.3759,2.5,0.44
Canada,hub_country,39299098.0,0.020131,0.007951,56.875,0.9752,2585.13,2542.55,2305.4995,0.719,0.8122,0.2715,0.0598,0.6687,15.1459,13.343,6.6715,0.0174,1.3343,1.2335,1.6002,0.1191,0.0162,0.3333,0.24,2.5,0.46
France,hub_country,66438828.0,0.009615,0.007885,28.2972,0.8575,1186.15,647.1,3712.3911,0.6787,0.6486,0.3466,0.0566,0.5968,24.8889,2.85226794,,0.027,0.285226794,1.2175,1.5762,0.1147,0.0177,0.0,0.2906,2.5,0.4
Indonesia,hub_country,281190068.0,0.017515,0.009235,55.1223,0.802,2487.26,517.94,3905.723,0.1736,0.3564,0.0901,0.0576,0.8523,87.5501,7.989,3.9945,0.0967,0.7989,1.3347,1.752,0.0591,0.01995,0.6667,0.49,6.3,0.29
Vietnam,hub_country,100352189.0,0.015248,0.008808,12.291,0.8791,1081.65,590.84,1359.3642,0.1693,1.1143,0.1644,0.0791,0.7565,33.2461,4.802,2.401,0.0504,0.4802,1.1,1.4,0.0586,0.01935,1.0,0.4201,5.3,0.27
Thailand,hub_country,71702436.0,0.008228,0.008598,22.376,0.8466,1282.57,216.89,1519.4789,0.2649,0.4978,0.1141,0.0452,0.8407,21.9783,5.294,2.647,0.0191,0.5294,1.1,1.4,0.0691,0.0177,0.6667,0.461,4.6,0.3
Egypt,hub_country,114535772.0,0.027382,0.009172,4.058,0.0589,1032.08,128.22,1911.7609,0.2086,1.6754,0.0981,0.0924,0.8095,38.0432,7.808,3.904,0.0674,0.7808,1.3382,1.7573,0.063,0.01935,0.6667,0.4844,9.4,0.45
Nigeria,hub_country,227882949.0,0.033023,0.012063,69.3981,0.9355,,113.42,1787.4761,0.098,1.3094,0.0298,0.0643,0.9059,60.4285,3.707,1.8535,0.0745,0.3707,1.3953,1.843,0.0508,0.02295,0.3333,0.6087,19.9,0.26
Bangladesh,hub_country,171466986.0,0.020938,0.008798,9.399,0.9619,502.66,8.65,1413.2992,0.103,2.0158,0.0896,0.0343,0.8761,47.6321,4.37,2.185,0.0313,0.437,1.3761,1.8141,0.0513,0.0219,1.0,0.5788,10.4,0.22
Pakistan,hub_country,247504505.0,0.024512,0.009712,35.9951,0.2667,738.26,300.08,1341.1698,0.0677,0.4212,0.2413,0.0247,0.734,66.7914,6.866,3.433,0.0316,0.6866,1.3861,1.8292,0.0475,0.0216,0.6667,0.5505,16.5,0.24
Germany,hub_country,84548233.0,0.011563,0.008073,16.586,0.7643,2410.75,1738.37,5250.3774,0.788,0.7315,0.322,0.0555,0.6225,32.0813,3.67651698,,0.0341,0.3676516979999999,1.1721,1.5082,0.1267,0.01695,0.0,0.1915,2.5,0.42
Japan,hub_country,124370947.0,0.002936,0.007756,4.6069,0.7557,4086.97,1075.53,5710.1667,0.5732,0.7131,,,0.01,35.6499,5.016,2.508,,0.5016,1.3194,1.7291,0.1031,0.0171,0.0,0.2432,,0.36
United Kingdom,hub_country,68682965.0,0.015071,0.008081,17.0095,0.9043,1444.07,894.92,3602.178,0.6574,0.3703,0.2777,0.0575,0.6648,25.3243,4.387,2.1935,0.0279,0.4387,1.24,1.61,0.1123,0.0168,0.3333,0.2167,2.5,0.38
Saudi Arabia,hub_country,33264289.0,0.032215,0.008345,173.6374,0.05,3189.24,35.2,2173.2142,0.806,0.1339,0.149,0.107,0.744,13.0694,5.864,2.932,0.0268,0.5864,1.2833,1.675,0.1287,0.01755,1.0,0.4141,2.5,0.52
West Africa (ECOWAS),regional_bloc,217081109.0,0.0352,0.010455,227.781,0.954,,113.32,900.434,0.0517,0.9066,0.0603,0.0594,0.8803,65.6745,6.751,3.3755,0.0748,0.6751,1.2596,1.6394,0.0457,0.02315,0.7111,0.6156,11.820141,0.22
East Africa,regional_bloc,537900206.0,0.034111,0.009992,448.3812,0.8057,,441.61,1576.3187,0.05,0.8108,0.0714,0.0588,0.8698,136.3424,8.144,4.072,0.1537,0.8144,1.3305,1.7458,0.0455,0.02313,0.6894,0.6373,24.368956,0.21
Southern Africa (SADC),regional_bloc,108947622.0,0.029354,0.010028,210.6338,0.7277,1440.85,578.37,1284.2098,0.1473,0.4639,0.1289,0.0412,0.8299,30.0954,5.45,2.725,0.0238,0.545,1.2412,1.6118,0.0562,0.02056,0.4533,0.5363,14.912797,0.27
Central Africa,regional_bloc,169380031.0,0.044528,0.010674,113.9511,0.9939,,123.22,471.0229,0.05,1.083,0.0311,0.0581,0.9108,40.067,0.76,0.38,0.0446,0.076,1.2087,1.5631,0.0455,0.02389,0.6662,0.5776,31.10416,0.18
MENA-other,regional_bloc,446858376.0,0.024314,0.008684,238.0995,0.05,10786.42,1712.58,8746.9655,0.2714,0.3759,0.1253,0.0817,0.793,145.4363,29.306,14.653,0.2279,2.9306,1.2236,1.5854,0.0699,0.0193,0.7717,0.4406,8.233434,0.4
Central Asia,regional_bloc,142765988.0,0.028288,0.009268,448.0505,0.5238,2365.78,1069.71,1783.5977,0.1565,0.3806,0.2032,0.0788,0.718,44.1428,7.693,3.8465,0.0667,0.7693,1.2081,1.5621,0.0572,0.02,0.7486,0.4345,10.584481,0.36
South Asia-other,regional_bloc,53978624.0,0.01078,0.008935,7.2839,0.7108,136.92,133.75,454.6193,0.1081,0.6263,0.0862,0.0585,0.8553,16.3178,0.85,0.425,0.0183,0.085,1.3238,1.7357,0.0519,0.02036,0.3333,0.5309,6.215964,0.25
Southeast Asia-other,regional_bloc,346513261.0,0.014973,0.008895,48.1335,0.8082,7502.03,2310.29,6921.1878,0.2908,0.5329,0.1267,0.0609,0.8124,108.5804,9.333,4.6665,0.1268,0.9333,1.1,1.4,0.072,0.01937,0.5788,0.5079,7.011429,0.28
Pacific/Oceania-other,regional_bloc,19112009.0,0.023081,0.009188,12.107,0.9825,184.0,137.83,320.1761,0.2184,1.1266,0.1787,0.1196,0.7017,5.2131,0.448,0.224,0.012,0.0448,1.1,1.4,0.064,0.02218,0.4321,0.5433,18.325323,0.32
Caribbean & Central America,regional_bloc,225938168.0,0.017729,0.008816,128.9529,0.7876,2955.62,980.84,4131.4111,0.2416,0.3529,0.1942,0.0734,0.7324,75.5974,10.441,5.2205,0.1064,1.0441,1.2051,1.5576,0.0666,0.01882,0.6082,0.4358,7.545306,0.31
Andean & Southern Cone-other,regional_bloc,176345090.0,0.017624,0.008598,178.8647,0.9649,1910.18,1773.2,2728.156,0.2308,0.5274,0.195,0.0718,0.7332,54.9349,6.058,3.029,0.0756,0.6058,1.3088,1.7132,0.0654,0.01848,0.3433,0.4258,6.762266,0.33
Eastern Europe-other,regional_bloc,57228350.0,0.003364,0.008641,36.7461,0.9197,993.36,511.48,1774.4949,0.3954,0.4463,0.2598,0.0763,0.6639,21.1805,2.98,1.3738,0.031,0.298,1.1,1.4,0.0835,0.01878,0.5139,0.3537,2.642479,0.36
EU-other,regional_bloc,257168821.0,0.007534,0.00803,90.6222,0.8188,6522.96,3868.98,13437.7672,0.6591,0.3688,0.2977,0.0566,0.6457,98.6956,0.329,0.1181,0.1071,0.0329,1.1,1.4,0.1125,0.01761,0.113,0.2404,2.512901,0.39
Nordics,regional_bloc,28065889.0,0.014357,0.007946,10.729,0.9431,637.37,1322.12,1914.4953,0.8536,0.4029,0.3359,0.0506,0.6135,10.4438,0.416,0.1548,0.0101,0.0416,1.1,1.4,0.1339,0.01709,0.0,0.2634,2.5,0.33
